,Price,Chipset,Memory,Core_Clock,Length
Asus STRIX GAMING,$699.00,GeForce GTX 1080 Ti,11 GB,1493 MHz,298 mm
NVIDIA Founders Edition,$589.99,GeForce RTX 3060 Ti,8 GB,1410 MHz,242 mm
MSI GeForce RTX 3080 VENTUS 3X 10G OC,$879.99,GeForce RTX 3080 10GB,10 GB,1440 MHz,305 mm
EVGA FTW3 ULTRA GAMING,"$1,279.99",GeForce RTX 3090,24 GB,1395 MHz,300 mm
EVGA Gaming iCX,"$1,199.99",GeForce GTX 1080 Ti,11 GB,1569 MHz,300 mm
EVGA FTW3 ULTRA GAMING,$859.99,GeForce RTX 3080 10GB,10 GB,1440 MHz,300 mm
EVGA SC GAMING ACX 3.0,$585.00,GeForce GTX 1070,8 GB,1594 MHz,267 mm
Sapphire PULSE,$499.99,Radeon RX 7800 XT,16 GB,1295 MHz,280 mm
EVGA FTW3 ULTRA GAMING LHR,"$1,019.95",GeForce RTX 3080 10GB LHR,10 GB,1440 MHz,300 mm
EVGA Superclocked ACX 2.0,$374.99,GeForce GTX 980,4 GB,1266 MHz,267 mm
EVGA SC GAMING ACX 3.0,$599.00,GeForce GTX 1080,8 GB,1708 MHz,267 mm
EVGA XC3 ULTRA GAMING,$749.99,GeForce RTX 3070,8 GB,1500 MHz,285 mm
Asus ROG STRIX-GTX1070-O8G-GAMING,$579.00,GeForce GTX 1070,8 GB,1632 MHz,298 mm
MSI GAMING X,$585.00,GeForce GTX 1070,8 GB,1506 MHz,279 mm
EVGA Superclocked ACX,$799.95,GeForce GTX 780 Ti,3 GB,1006 MHz,266 mm
EVGA FTW3 ULTRA GAMING,"$1,029.00",GeForce RTX 2070 SUPER,8 GB,1605 MHz,302 mm
Gigabyte Vision OC,$495.00,GeForce RTX 3070,8 GB,1500 MHz,286 mm
MSI GAMING Z,$458.41,GeForce RTX 2060,6 GB,1365 MHz,247 mm
Gigabyte GAMING OC 3X,$845.00,GeForce RTX 2070 SUPER,8 GB,1605 MHz,286 mm
EVGA Founders Edition,$699.00,GeForce GTX 1080 Ti,11 GB,1480 MHz,267 mm
NVIDIA Founders Edition,$756.48,GeForce RTX 2070 SUPER,8 GB,1605 MHz,267 mm
MSI GAMING X,$479.99,GeForce GTX 1060 6GB,6 GB,1506 MHz,277 mm
EVGA XC GAMING,$620.00,GeForce RTX 3060 12GB,12 GB,1320 MHz,202 mm
Asus ROG STRIX,$598.99,GeForce GTX 1080,8 GB,1670 MHz,298 mm
EVGA SC2,$519.00,GeForce GTX 1080 Ti,11 GB,1556 MHz,267 mm
MSI RTX 3060 Ventus 3X 12G OC,$299.99,GeForce RTX 3060 12GB,12 GB,1320 MHz,316 mm
Sapphire NITRO+,$569.99,Radeon RX 7800 XT,16 GB,1295 MHz,320 mm
Power Red Devil,$723.00,Radeon RX 6700 XT,12 GB,2321 MHz,320 mm
MSI GAMING X,$598.00,GeForce GTX 1080,8 GB,1607 MHz,279 mm
EVGA FTW3 ULTRA GAMING iCX3,$629.00,GeForce RTX 3060 Ti,8 GB,1410 MHz,285 mm
EVGA SC Black Edition,$599.00,GeForce GTX 1080 Ti,11 GB,1556 MHz,267 mm
EVGA FTW GAMING ACX 3.0,$599.99,GeForce GTX 1080,8 GB,1721 MHz,267 mm
Asus TUF GAMING OC,$249.99,GeForce GTX 1650 SUPER,4 GB,1530 MHz,206 mm
Asus STRIX GAMING OC,"$1,456.12",GeForce RTX 3090,24 GB,1395 MHz,318 mm
MSI GTX 1070 TI TITANIUM 8G,$699.00,GeForce GTX 1070 Ti,8 GB,1607 MHz,279 mm
XFX Speedster MERC 310 Black Edition,$929.99,Radeon RX 7900 XTX,24 GB,2300 MHz,344 mm
MSI GeForce RTX 3060 Ventus 2X 12G,$309.99,GeForce RTX 3060 12GB,12 GB,1320 MHz,235 mm
EVGA SC GAMING,$423.12,GeForce GTX 1060 6GB,6 GB,1607 MHz,173 mm
Asus TUF-RX6800XT-O16G-GAMING,"$1,078.00",Radeon RX 6800 XT,16 GB,1825 MHz,320 mm
Asus STRIX GAMING OC,$675.00,GeForce RTX 2070,8 GB,1410 MHz,305 mm
Gigabyte GAMING OC,$469.50,GeForce GTX 1660 SUPER,6 GB,1530 MHz,280 mm
EVGA FTW3 ULTRA GAMING,$739.99,GeForce RTX 3070 Ti,8 GB,1575 MHz,300 mm
EVGA XC GAMING,$745.00,GeForce RTX 3060 Ti,8 GB,1410 MHz,202 mm
EVGA SC ULTRA GAMING,$549.99,GeForce GTX 1660 Ti,6 GB,1500 MHz,202 mm
EVGA XC3 BLACK GAMING,$789.99,GeForce RTX 3070,8 GB,1500 MHz,285 mm
NVIDIA 9001G4112520001,$229.99,GeForce GTX 1070,8 GB,1506 MHz,267 mm
Asus DUAL,$512.43,GeForce GTX 1060 6GB,6 GB,1594 MHz,242 mm
NVIDIA Founders Edition,"$2,194.98",GeForce RTX 4090,24 GB,2230 MHz,304 mm
EVGA FTW3 ULTRA GAMING,$614.91,GeForce RTX 3070,8 GB,1500 MHz,300 mm
MSI GAMING X,$679.00,GeForce RTX 2070 SUPER,8 GB,1605 MHz,297 mm
Gigabyte WINDFORCE OC,$549.99,GeForce RTX 4070,12 GB,1920 MHz,261 mm
Gigabyte GV-N105TOC-4GD,$350.00,GeForce GTX 1050 Ti,4 GB,1341 MHz,191 mm
Asus DUAL OC,$569.99,GeForce RTX 4070,12 GB,2520 MHz,267 mm
Asus STRIX GAMING OC,$979.00,GeForce RTX 2080 Ti,11 GB,1350 MHz,305 mm
EVGA FTW3 ULTRA GAMING,"$1,139.95",GeForce RTX 3080 12GB LHR,12 GB,1260 MHz,300 mm
Gigabyte GAMING OC,"$2,184.98",GeForce RTX 4090,24 GB,2235 MHz,340 mm
NVIDIA Founders Edition,"$1,288.00",GeForce RTX 2080 Ti,11 GB,1350 MHz,267 mm
EVGA XC3 ULTRA GAMING,$948.05,GeForce RTX 3080 10GB,10 GB,1440 MHz,285 mm
MSI GAMING X,$549.00,GeForce RTX 2060 SUPER,8 GB,1470 MHz,248 mm
Asus DUAL EVO OC,$347.50,GeForce GTX 1660 SUPER,6 GB,1530 MHz,242 mm
MSI SUPRIM LIQUID X,"$2,094.98",GeForce RTX 4090,24 GB,2235 MHz,280 mm
NVIDIA 9001G4012510000,$469.00,GeForce GTX 970,4 GB,1050 MHz,267 mm
EVGA SC GAMING ACX 3.0 Black Edition,$570.00,GeForce GTX 1070 Ti,8 GB,1607 MHz,267 mm
Asus STRIX GAMING OC,$549.00,GeForce RTX 2060,6 GB,1365 MHz,300 mm
Asus ROG STRIX,$406.89,Radeon RX 580,8 GB,1257 MHz,298 mm
MSI GAMING X,$294.95,GeForce GTX 1660 SUPER,6 GB,1530 MHz,247 mm
Gigabyte AORUS MASTER,$780.00,GeForce RTX 3070,8 GB,1500 MHz,290 mm
EVGA XC ULTRA GAMING,$849.00,GeForce RTX 2080,8 GB,1515 MHz,270 mm
EVGA FTW3 ULTRA GAMING,"$1,576.99",GeForce RTX 2080 Ti,11 GB,1350 MHz,302 mm
Gigabyte WINDFORCE,$199.00,GeForce GTX 980,4 GB,1228 MHz,312 mm
Asus TUF GAMING OC,$649.00,GeForce RTX 4070,12 GB,2550 MHz,301 mm
XFX Speedster MERC 319 CORE,$699.99,Radeon RX 6800 XT,16 GB,1825 MHz,340 mm
EVGA SC GAMING ACX 2.0,$499.99,GeForce GTX 1050 Ti,4 GB,1354 MHz,145 mm
Asus TUF GAMING OC,"$2,099.98",GeForce RTX 4090,24 GB,2235 MHz,348 mm
Gigabyte AORUS MASTER,"$1,194.00",GeForce RTX 3070 Ti,8 GB,1575 MHz,324 mm
Asus KO Gaming OC,$689.00,GeForce RTX 3070,8 GB,1500 MHz,275 mm
EVGA SC2 Gaming iCX,$598.00,GeForce GTX 1080,8 GB,1708 MHz,267 mm
Asus STRIX,$379.00,GeForce GTX 980,4 GB,1178 MHz,289 mm
MSI GAMING,$399.00,Radeon R9 390,8 GB,1000 MHz,277 mm
MSI ARMOR OC,$489.00,Radeon RX 570,8 GB,1168 MHz,246 mm
Power Fighter,$349.99,Radeon RX 6700 XT,12 GB,2321 MHz,228 mm
MSI GeForce GTX 1650 SUPER,$427.00,GeForce GTX 1650 SUPER,4 GB,1530 MHz,180 mm
EVGA FTW3 ULTRA GAMING,"$1,289.00",GeForce RTX 2080 SUPER,8 GB,1650 MHz,302 mm
XFX Speedster SWFT 309,$329.99,Radeon RX 6700 XT,12 GB,2321 MHz,304 mm
MSI GAMING Z TRIO,$689.99,GeForce RTX 3070 LHR,8 GB,1500 MHz,323 mm
EVGA FTW3 ULTRA GAMING LE iCX3,"$1,199.99",GeForce RTX 3080 Ti,12 GB,1365 MHz,300 mm
Asus TUF GAMING OC,$958.95,GeForce RTX 4070 Ti,12 GB,2310 MHz,305 mm
Sapphire PULSE,$959.99,Radeon RX 7900 XTX,24 GB,2300 MHz,313 mm
Asus TUF GAMING OC,"$1,699.14",GeForce RTX 3080 Ti,12 GB,1365 MHz,300 mm
MSI ARMOR OCV1,$399.00,GeForce GTX 1060 6GB,6 GB,1544 MHz,275 mm
MSI GeForce RTX 3070 VENTUS 3X OC,$740.00,GeForce RTX 3070,8 GB,1500 MHz,305 mm
XFX Speedster SWFT 210,$209.99,Radeon RX 6600,8 GB,1626 MHz,241 mm
Sapphire NITRO+,$459.00,Radeon RX 580,8 GB,1257 MHz,260 mm
Asus ROG STRIX,$599.00,GeForce GTX 1070 Ti,8 GB,1607 MHz,298 mm
MSI SUPRIM X,"$2,099.99",GeForce RTX 4090,24 GB,2235 MHz,336 mm
EVGA BLACK GAMING,$599.00,GeForce RTX 2080 SUPER,8 GB,1650 MHz,270 mm
EVGA XC ULTRA GAMING,"$1,079.00",GeForce RTX 2080 Ti,11 GB,1350 MHz,270 mm
EVGA SSC ACX 2.0+,$399.00,GeForce GTX 960,4 GB,1279 MHz,257 mm
Asus TUF GAMING OC,$799.99,GeForce RTX 3060 Ti,8 GB,1410 MHz,301 mm
Sapphire NITRO+,"$1,059.99",Radeon RX 7900 XTX,24 GB,2300 MHz,320 mm
Gigabyte GAMING OC,$499.00,Radeon RX 5700 XT,8 GB,1650 MHz,280 mm
Gigabyte AERO OC,$679.99,GeForce RTX 4070,12 GB,1920 MHz,300 mm
MSI GAMING X TRIO,$399.00,Radeon RX 6750 XT,12 GB,2150 MHz,327 mm
Asus TUF GAMING OC,"$1,449.00",GeForce RTX 3090,24 GB,1395 MHz,300 mm
Power Hellhound,$549.99,Radeon RX 6700 XT,12 GB,2321 MHz,305 mm
EVGA FTW3 ULTRA GAMING,$529.99,GeForce RTX 3060 Ti LHR,8 GB,1410 MHz,285 mm
Asus TUF GAMING OC,$523.52,GeForce RTX 3070,8 GB,1500 MHz,300 mm
MSI RX 6600 XT MECH 2X 8G OC,$519.63,Radeon RX 6600 XT,8 GB,1968 MHz,235 mm
MSI GAMING X,$506.46,Radeon RX 6600 XT,8 GB,1968 MHz,277 mm
EVGA XC GAMING,$397.04,GeForce RTX 3050 8GB,8 GB,1550 MHz,202 mm
EVGA KO GAMING,$475.00,GeForce RTX 2060,6 GB,1365 MHz,202 mm
EVGA FTW2 GAMING iCX,$579.00,GeForce GTX 1070,8 GB,1607 MHz,267 mm
Gigabyte WINDFORCE,$355.71,Radeon R9 270X,4 GB,1050 MHz,297 mm
Gigabyte GAMING OC,$619.90,GeForce RTX 3070,8 GB,1500 MHz,286 mm
Zotac GAMING Twin Edge OC,$499.00,GeForce RTX 3070,8 GB,1500 MHz,232 mm
MSI GAMING X,$252.57,GeForce GTX 1050 Ti,4 GB,1290 MHz,229 mm
Asus DUAL EVO OC,$343.95,GeForce RTX 2060,6 GB,1365 MHz,242 mm
MSI Radeon RX 6600 MECH 2X 8G,$378.84,Radeon RX 6600,8 GB,1626 MHz,235 mm
ASRock Challenger D,$199.99,Radeon RX 6600,8 GB,1626 MHz,269 mm
MSI DUKE OC,$598.00,GeForce GTX 1080,8 GB,1708 MHz,312 mm
Asus DirectCU II,$299.00,GeForce GTX 760,2 GB,1006 MHz,218 mm
MSI Radeon RX 6800 XT Gaming X Trio 16G,"$1,149.99",Radeon RX 6800 XT,16 GB,1850 MHz,324 mm
Gigabyte GAMING,$469.99,Radeon RX 570,4 GB,1168 MHz,232 mm
EVGA FTW ULTRA SILENT GAMING,$699.00,GeForce GTX 1070 Ti,8 GB,1607 MHz,267 mm
MSI GeForce GTX 1650 SUPER,$299.95,GeForce GTX 1650 SUPER,4 GB,1530 MHz,248 mm
Asus DUAL OC,$559.99,GeForce RTX 3070,8 GB,1500 MHz,267 mm
ASRock Challenger Pro OC,$349.99,Radeon RX 6750 XT,12 GB,2150 MHz,303 mm
EVGA KO ULTRA GAMING,$324.20,GeForce RTX 2060,6 GB,1365 MHz,202 mm
MSI GAMING X TRIO,$969.98,GeForce RTX 3070 Ti,8 GB,1575 MHz,323 mm
Asus TUF GAMING,"$1,075.97",GeForce RTX 4070 Ti,12 GB,2310 MHz,305 mm
Power Red Dragon OC,$649.00,Radeon RX 6800 XT,16 GB,1825 MHz,310 mm
MSI VENTUS 3X PLUS OC,"$1,199.00",GeForce RTX 3080 12GB LHR,12 GB,1260 MHz,305 mm
EVGA FTW2 GAMING iCX,$699.00,GeForce GTX 1070 Ti,8 GB,1607 MHz,267 mm
MSI GAMING X TRIO,$699.00,GeForce GTX 1080 Ti,11 GB,1569 MHz,325 mm
Zotac GAMING Twin Fan,$372.82,GeForce GTX 1660 SUPER,6 GB,1530 MHz,173 mm
MSI GAMING,$729.00,GeForce GTX 1070 Ti,8 GB,1607 MHz,279 mm
MSI GTX 1050 Ti 4GT OC,$263.89,GeForce GTX 1050 Ti,4 GB,1341 MHz,215 mm
MSI RTX 3070 GAMING X TRIO,$799.99,GeForce RTX 3070,8 GB,1500 MHz,323 mm
EVGA SC ULTRA GAMING,$237.00,GeForce GTX 1650 SUPER,4 GB,1530 MHz,202 mm
Asus DUAL OC,$609.99,GeForce RTX 4070 SUPER,12 GB,1980 MHz,267 mm
Power Hellhound,$749.99,Radeon RX 7900 XT,20 GB,2000 MHz,320 mm
ASRock Steel Legend OC,$684.84,Radeon RX 7800 XT,16 GB,1295 MHz,304 mm
Sapphire NITRO+,$961.44,Radeon RX 7900 XT,20 GB,2000 MHz,320 mm
Gigabyte VISION OC Rev 2.0,$634.91,GeForce RTX 3060 12GB,12 GB,1320 MHz,280 mm
MSI GAMING Z TRIO,$748.99,GeForce RTX 3080 12GB LHR,12 GB,1260 MHz,323 mm
Gigabyte AORUS ELITE,$629.90,GeForce RTX 3060 Ti,8 GB,1410 MHz,296 mm
Asus ROG STRIX WHITE OC,"$1,799.99",GeForce RTX 3080 10GB,10 GB,1440 MHz,318 mm
Sapphire NITRO+ SE,"$1,188.99",Radeon RX 6900 XT,16 GB,1825 MHz,310 mm
Gigabyte OC,$299.99,GeForce GTX 1050,2 GB,1379 MHz,191 mm
MSI VENTUS 2X OC,$659.00,GeForce RTX 3070 LHR,8 GB,1500 MHz,232 mm
MSI VENTUS 3X PLUS OC,$899.95,GeForce RTX 3080 10GB LHR,10 GB,1440 MHz,305 mm
MSI GAMING,$555.00,GeForce GTX 1060 6GB,6 GB,1506 MHz,277 mm
Power Red Devil,$969.99,Radeon RX 7900 XTX,24 GB,2300 MHz,338 mm
Zotac GAMING Trinity OC,"$1,159.99",GeForce RTX 3080 10GB,10 GB,1440 MHz,318 mm
MSI VENTUS 3X OC,"$1,199.00",GeForce RTX 3080 Ti,12 GB,1365 MHz,305 mm
Gigabyte EAGLE,$589.90,GeForce RTX 3070,8 GB,1500 MHz,282 mm
MSI ARMOR OC,$489.95,Radeon RX 580,8 GB,1257 MHz,269 mm
EVGA SC ULTRA GAMING,$259.99,GeForce GTX 1660 SUPER,6 GB,1530 MHz,202 mm
XFX Speedster MERC 310 Black Edition,$719.99,Radeon RX 7900 XT,20 GB,2000 MHz,344 mm
Power Hellhound,$909.99,Radeon RX 7900 XTX,24 GB,2300 MHz,320 mm
Intel Limited Edition,$236.99,Arc A750,8 GB,2050 MHz,250 mm
MSI GAMING X TRIO,"$2,099.98",GeForce RTX 4090,24 GB,2235 MHz,337 mm
EVGA Black,"$1,499.99",GeForce RTX 2080 Ti,11 GB,1350 MHz,270 mm
EVGA Black,$849.00,GeForce RTX 2080,8 GB,1515 MHz,269 mm
Zotac GAMING Twin Edge OC,$349.99,GeForce RTX 3060 12GB,12 GB,1320 MHz,224 mm
Asus ROG STRIX,$410.00,Radeon RX 570,4 GB,1168 MHz,240 mm
XFX GTR XXX,$139.99,Radeon RX 580,8 GB,1366 MHz,270 mm
Asus TUF GAMING OC,$329.99,GeForce GTX 1660 SUPER,6 GB,1530 MHz,206 mm
MSI VENTUS XS OC,$309.99,GeForce GTX 1660 SUPER,6 GB,1530 MHz,204 mm
MSI VENTUS XS OC,$249.16,GeForce GTX 1660 Ti,6 GB,1500 MHz,204 mm
Gigabyte GAMING OC,$819.99,GeForce RTX 4070 Ti,12 GB,2310 MHz,336 mm
EVGA SC ULTRA GAMING,$220.00,GeForce GTX 1660,6 GB,1530 MHz,202 mm
Asus Phoenix OC,$241.26,GeForce GTX 1650 G5,4 GB,1485 MHz,190 mm
Gigabyte WINDFORCE OC,$294.99,GeForce GTX 1650 SUPER,4 GB,1530 MHz,225 mm
Gigabyte AERO OC,"$1,999.99",GeForce RTX 4090,24 GB,2520 MHz,342 mm
Asus GT1030-2G-CSM,$97.99,GeForce GT 1030,2 GB,1266 MHz,173 mm
NVIDIA Founders Edition,$549.00,GeForce GTX 1060 6GB,6 GB,1506 MHz,250 mm
XFX Speedster MERC 319 Black,$779.99,Radeon RX 6900 XT,16 GB,1950 MHz,340 mm
Gigabyte Vision OC,$942.34,GeForce RTX 3070 Ti,8 GB,1575 MHz,320 mm
Power Red Devil,$343.99,Radeon RX 580,8 GB,1257 MHz,255 mm
NVIDIA 9001G4012500000,$399.00,GeForce GTX 980,4 GB,1126 MHz,267 mm
NVIDIA Founders Edition,"$1,399.99",GeForce RTX 4080,16 GB,2210 MHz,304 mm
Gigabyte EAGLE,$189.99,Radeon RX 6600,8 GB,1626 MHz,282 mm
MSI GeForce RTX 3060 Gaming X12G,$599.98,GeForce RTX 3060 12GB,12 GB,1320 MHz,276 mm
Zotac GAMING,$290.58,GeForce RTX 2060,6 GB,1365 MHz,210 mm
MSI ARMOR OC,$249.99,Radeon RX 580,4 GB,1257 MHz,269 mm
Sapphire PULSE,$699.99,Radeon RX 7900 XT,20 GB,2000 MHz,313 mm
Asus DUAL,$589.99,GeForce RTX 4070,12 GB,2475 MHz,267 mm
ASRock Taichi OC,"$1,230.33",Radeon RX 7900 XTX,24 GB,2300 MHz,345 mm
Gigabyte EAGLE OC,"$1,489.06",GeForce RTX 4080,16 GB,2205 MHz,342 mm
MSI GAMING TRIO,"$1,999.99",GeForce RTX 4090,24 GB,2235 MHz,337 mm
MSI GAMING X TRIO,"$1,851.00",GeForce RTX 3080 Ti,12 GB,1365 MHz,324 mm
Asus TUF GAMING OC,"$1,399.99",Radeon RX 6900 XT,16 GB,1825 MHz,320 mm
Gigabyte AORUS MASTER,"$1,129.95",GeForce RTX 3080 Ti,12 GB,1365 MHz,320 mm
Asus KO GAMING OC V2,$659.00,GeForce RTX 3060 Ti LHR,8 GB,1410 MHz,275 mm
EVGA SC2 Gaming iCX,$428.00,GeForce GTX 1070,8 GB,1594 MHz,267 mm
Asus KO GAMING OC V2,$689.00,GeForce RTX 3070 LHR,8 GB,1500 MHz,275 mm
Power Red Dragon,$479.00,Radeon RX VEGA 56,8 GB,1177 MHz,305 mm
PNY VCGGTX9804XPB-CG,$299.00,GeForce GTX 980,4 GB,1126 MHz,267 mm
Gigabyte GAMING OC Rev 2.0,$330.00,GeForce RTX 3070 LHR,8 GB,1500 MHz,286 mm
EVGA ACX 2.0,"$4,847.18",GeForce GTX 970,4 GB,1050 MHz,241 mm
MSI GAMING Z TRIO,$999.95,GeForce RTX 3080 10GB LHR,10 GB,1440 MHz,323 mm
MSI GAMING X TRIO,$639.00,GeForce RTX 3060 Ti,8 GB,1410 MHz,323 mm
Sapphire 11256-00,"$4,438.00",Radeon RX 470,4 GB,932 MHz,243 mm
Asus TURBO-GTX1070-8G,$579.00,GeForce GTX 1070,8 GB,1506 MHz,267 mm
XFX Speedster SWFT 319,$390.63,Radeon RX 6800,16 GB,1700 MHz,340 mm
Asus ROG STRIX GAMING OC,$739.00,GeForce RTX 3070,8 GB,1500 MHz,318 mm
EVGA XC GAMING,"$1,020.52",GeForce RTX 2070,8 GB,1410 MHz,269 mm
Asus ROG STRIX GAMING OC,"$2,389.00",GeForce RTX 4090,24 GB,2235 MHz,358 mm
Sapphire PULSE,$269.99,Radeon RX 7600,8 GB,1720 MHz,240 mm
XFX Speedster QICK 319 Core,$340.99,Radeon RX 6750 XT,12 GB,2150 MHz,323 mm
XFX Speedster MERC 310,$719.99,Radeon RX 7900 XT,20 GB,2000 MHz,344 mm
Gigabyte GAMING OC,$979.99,Radeon RX 7900 XTX,24 GB,2300 MHz,331 mm
Gigabyte GAMING OC,$569.99,GeForce RTX 4070,12 GB,1920 MHz,300 mm
Zotac Twin Edge OC,$499.00,GeForce RTX 3060 Ti,8 GB,1410 MHz,222 mm
Power Red Devil OC,$799.97,Radeon RX 6800 XT,16 GB,1825 MHz,320 mm
Zotac GAMING AMP Extreme AIRO,"$2,199.98",GeForce RTX 4090,24 GB,2235 MHz,356 mm
Asus DUAL OC,$396.24,GeForce RTX 3060 12GB,12 GB,1320 MHz,200 mm
Power Red Devil Ultimate,"$1,499.99",Radeon RX 6900 XT,16 GB,1825 MHz,320 mm
Gigabyte GAMING OC PRO,$559.99,GeForce RTX 3060 Ti,8 GB,1410 MHz,286 mm
Asus TUF GAMING OC V2,$619.99,GeForce RTX 3060 Ti LHR,8 GB,1410 MHz,301 mm
Gigabyte OC,$378.23,GeForce GTX 1660 Ti,6 GB,1500 MHz,226 mm
MSI MECH 2X OC,$598.98,Radeon RX 6700 XT,12 GB,2321 MHz,247 mm
Asus DUAL OC,$840.00,GeForce RTX 3060 Ti,8 GB,1410 MHz,269 mm
NVIDIA Founders Edition,"$1,089.99",GeForce RTX 3080 Ti,12 GB,1370 MHz,285 mm
Asus STRIX-R9390-DC3OC-8GD5-GAMING,$399.00,Radeon R9 390,8 GB,1050 MHz,300 mm
Asus ROG STRIX GAMING OC,"$1,199.99",GeForce RTX 3080 12GB LHR,12 GB,1260 MHz,318 mm
XFX GTS,$259.95,Radeon RX 580,8 GB,1257 MHz,270 mm
NVIDIA Founders Edition,$719.99,GeForce RTX 4070,12 GB,1920 MHz,244 mm
Gigabyte GAMING OC,$779.90,GeForce RTX 3070 Ti,8 GB,1575 MHz,320 mm
MSI GAMING X,$142.18,GeForce GTX 1060 3GB,3 GB,1594 MHz,277 mm
Asus Phoenix,$278.56,GeForce GTX 1050 Ti,4 GB,1290 MHz,192 mm
Asus DUAL,$369.00,GeForce GTX 1060 3GB,3 GB,1594 MHz,242 mm
Asus Turbo,$599.00,GeForce GTX 1080 Ti,11 GB,1480 MHz,267 mm
Sapphire PULSE,$209.99,Radeon RX 6600,8 GB,1626 MHz,193 mm
Sapphire PURE,$539.99,Radeon RX 7800 XT,16 GB,1295 MHz,320 mm
MSI VENTUS 3X OC,$785.61,GeForce RTX 4070 Ti,12 GB,2310 MHz,308 mm
Asus DUAL,$279.00,Radeon RX 6600,8 GB,1626 MHz,243 mm
Power Hellhound OC,$529.99,Radeon RX 7800 XT,16 GB,1295 MHz,322 mm
Gigabyte AERO OC V2,$719.99,GeForce RTX 4070 Ti,12 GB,2310 MHz,300 mm
MSI GAMING TRIO CLASSIC,"$1,029.99",Radeon RX 7900 XTX,24 GB,2300 MHz,325 mm
Asus TUF GAMING OC V2,$379.00,GeForce RTX 3060 12GB,12 GB,1320 MHz,301 mm
MSI VENTUS 3X OC,$779.00,GeForce RTX 3070 Ti,8 GB,1575 MHz,316 mm
EVGA XC BLACK GAMING,$620.00,GeForce RTX 3060 12GB,12 GB,1320 MHz,202 mm
MSI MECH 2X,$669.22,Radeon RX 6700 XT,12 GB,2321 MHz,247 mm
Zotac AMP Extreme,$549.00,GeForce GTX 1070 Ti,8 GB,1607 MHz,325 mm
ASRock Phantom Gaming D OC,$459.99,Radeon RX 6800 XT,16 GB,1825 MHz,330 mm
Asus Turbo,$579.00,GeForce GTX 1080,8 GB,1607 MHz,267 mm
Asus ROG STRIX GAMING OC,"$1,999.99",GeForce RTX 4090,24 GB,2235 MHz,358 mm
Gigabyte AERO OC,"$1,489.90",GeForce RTX 4080,16 GB,2205 MHz,342 mm
Asus ROG STRIX GAMING OC,"$1,090.00",GeForce RTX 3070 Ti,8 GB,1575 MHz,318 mm
Gigabyte GAMING OC,$792.24,Radeon RX 6800 XT,16 GB,1825 MHz,286 mm
Gigabyte AORUS MASTER,"$1,128.68",GeForce RTX 3080 10GB,10 GB,1440 MHz,319 mm
MSI Founders Edition,$679.00,GeForce GTX 1080 Ti,11 GB,1480 MHz,267 mm
EVGA FTW ACX 2.0,$349.99,GeForce GTX 950,2 GB,1203 MHz,257 mm
Asus Turbo,$489.00,GeForce GTX 1060 6GB,6 GB,1506 MHz,267 mm
Gigabyte GAMING OC,$636.26,Radeon RX 7800 XT,16 GB,1295 MHz,302 mm
Gigabyte EAGLE,$391.43,GeForce RTX 4060 Ti,8 GB,2310 MHz,272 mm
Gigabyte AERO OC,$427.99,GeForce RTX 4060 Ti,8 GB,2310 MHz,281 mm
Power Fighter,$239.99,Radeon RX 6650 XT,8 GB,2055 MHz,200 mm
ASRock Taichi OC,"$1,029.99",Radeon RX 7900 XTX,24 GB,2300 MHz,345 mm
MSI VENTUS 3X OC,$629.99,GeForce RTX 4070 SUPER,12 GB,1980 MHz,308 mm
Power Hellhound Spectral,$579.99,Radeon RX 7800 XT,16 GB,1295 MHz,322 mm
ASRock Challenger D OC,$229.99,Radeon RX 6600 XT,8 GB,1968 MHz,269 mm
Gigabyte WINDFORCE,"$2,399.00",GeForce RTX 4090,24 GB,2235 MHz,331 mm
NVIDIA TITAN RTX,"$1,499.00",TITAN RTX,24 GB,1350 MHz,267 mm
PNY XLR8 Gaming VERTO EPIC-X RGB,"$1,239.99",GeForce RTX 4080,16 GB,2205 MHz,332 mm
Zotac GAMING,$432.86,GeForce GTX 1660 Ti,6 GB,1500 MHz,173 mm
XFX Speedster MERC 319 Black,$599.99,Radeon RX 6700 XT,12 GB,2321 MHz,323 mm
ASRock Phantom Gaming D OC,$999.00,Radeon RX 6900 XT,16 GB,1925 MHz,330 mm
Gigabyte AORUS XTREME,"$1,799.00",GeForce RTX 3090,24 GB,1395 MHz,319 mm
Gigabyte AORUS MASTER Rev 2.0,$989.00,GeForce RTX 3070 LHR,8 GB,1500 MHz,290 mm
MSI VENTUS,$849.00,GeForce RTX 2080,8 GB,1515 MHz,268 mm
EVGA XC3 ULTRA GAMING iCX3,$659.00,GeForce RTX 3070 LHR,8 GB,1500 MHz,285 mm
XFX Speedster MERC 319 Ultra,"$1,799.99",Radeon RX 6900 XT,16 GB,1925 MHz,340 mm
EVGA GAMING,$399.00,GeForce GTX 1060 6GB,6 GB,1506 MHz,267 mm
Asus STRIX GAMING Advanced,$675.00,GeForce RTX 2070,8 GB,1410 MHz,300 mm
MSI Radeon RX 5600 XT GAMING MX,$399.99,Radeon RX 5600 XT,6 GB,1280 MHz,297 mm
Sapphire PULSE,$570.89,Radeon RX VEGA 56,8 GB,1208 MHz,282 mm
Asus Phoenix OC,$160.00,GeForce GTX 1650 G6,4 GB,1410 MHz,178 mm
Asus ROG STRIX GAMING OC,$909.00,GeForce RTX 4070 Ti,12 GB,2310 MHz,336 mm
MSI VENTUS 2X OC,$849.00,GeForce RTX 3070,8 GB,1500 MHz,232 mm
ASRock Taichi X OC,$789.00,Radeon RX 6800 XT,16 GB,1825 MHz,330 mm
Asus TUF GAMING OC,"$1,159.00",GeForce RTX 3080 12GB LHR,12 GB,1260 MHz,300 mm
EVGA Black,$974.00,GeForce RTX 2070,8 GB,1410 MHz,269 mm
Gigabyte GV-N105TD5-4GD,$312.99,GeForce GTX 1050 Ti,4 GB,1290 MHz,172 mm
Power Fighter,$199.99,Radeon RX 6600,8 GB,1626 MHz,200 mm
MSI GeForce RTX 2060 VENTUS GP OC,$286.64,GeForce RTX 2060,6 GB,1365 MHz,231 mm
MSI GAMING X TRIO,$979.00,GeForce RTX 4070 Ti,12 GB,2310 MHz,337 mm
Asus DUAL,$599.00,Radeon RX 6700 XT,12 GB,2321 MHz,295 mm
Gigabyte AERO OC,"$1,059.90",GeForce RTX 4070 Ti,12 GB,2310 MHz,336 mm
MSI VENTUS OC,$343.03,GeForce RTX 2060,6 GB,1365 MHz,226 mm
MSI DUKE,$599.00,GeForce GTX 1070 Ti,8 GB,1607 MHz,312 mm
EVGA Founders Edition,$598.00,GeForce GTX 1080,8 GB,1607 MHz,267 mm
MSI VENTUS XS OC,$549.99,GeForce RTX 2060,6 GB,1365 MHz,205 mm
Gigabyte GAMING OC Rev 2.0,$384.41,GeForce RTX 3060 12GB,12 GB,1320 MHz,282 mm
Gigabyte AERO OC,$324.99,GeForce RTX 4060,8 GB,1830 MHz,281 mm
Asus Dual GeForce RTX 3060 V2 OC Edition,$299.99,GeForce RTX 3060 12GB,12 GB,1320 MHz,200 mm
ASRock Phantom Gaming OC,$939.99,Radeon RX 7900 XTX,24 GB,2300 MHz,330 mm
Zotac GAMING Twin Edge,$357.48,GeForce RTX 3060 12GB,12 GB,1320 MHz,224 mm
Gigabyte GAMING OC,"$1,569.99",GeForce RTX 4080,16 GB,2205 MHz,342 mm
Asus TUF GAMING,"$1,487.98",GeForce RTX 4080,16 GB,2205 MHz,348 mm
Asus TUF GAMING,"$2,189.98",GeForce RTX 4090,24 GB,2235 MHz,348 mm
PNY XLR8 Gaming VERTO EPIC-X RGB OC,$789.99,GeForce RTX 4070 Ti,12 GB,2310 MHz,332 mm
MSI SUPRIM X,"$2,600.12",GeForce RTX 4080,16 GB,2205 MHz,336 mm
MSI GeForce RTX 3090 GAMING X TRIO 24G,"$1,599.95",GeForce RTX 3090,24 GB,1395 MHz,335 mm
AMD â€Ž100-438373,$999.99,Radeon RX 6900 XT,16 GB,1825 MHz,267 mm
Gigabyte GAMING OC,"$1,599.99",GeForce RTX 3090,24 GB,1395 MHz,320 mm
Gigabyte EAGLE OC,$999.99,GeForce RTX 3080 10GB,10 GB,1440 MHz,320 mm
MSI GAMING X,$799.99,Radeon RX 6700 XT,12 GB,2321 MHz,279 mm
Asus STRIX GAMING OC,$549.00,Radeon RX 5600 XT,6 GB,1247 MHz,304 mm
Gigabyte GAMING OC,"$1,239.90",GeForce RTX 3080 12GB LHR,12 GB,1260 MHz,320 mm
MSI ARMOR OC,$399.00,GeForce GTX 1060 6GB,6 GB,1506 MHz,279 mm
Asus DUAL OC,$539.99,GeForce RTX 4070,12 GB,2520 MHz,267 mm
Power AXRX 580 8GBD5-3DHDV2/OC,$407.95,Radeon RX 580,8 GB,1257 MHz,255 mm
MSI VENTUS XS OC,$191.12,GeForce GTX 1650 G5,4 GB,1485 MHz,170 mm
Asus ROG STRIX GAMING OC,"$1,669.00",GeForce RTX 4080,16 GB,2205 MHz,358 mm
Zotac GAMING Trinity OC,"$1,127.45",GeForce RTX 3080 Ti,12 GB,1365 MHz,318 mm
EVGA XC3 ULTRA GAMING,$769.99,GeForce RTX 3070 Ti,8 GB,1575 MHz,285 mm
Gigabyte WINDFORCE,$183.89,GeForce GTX 760,4 GB,1085 MHz,292 mm
Asus TUF GAMING OC V2,$693.00,GeForce RTX 3070 LHR,8 GB,1500 MHz,300 mm
Asus STRIX GAMING,"$1,079.00",GeForce RTX 2080 Ti,11 GB,1350 MHz,305 mm
Gigabyte EAGLE OC,$449.99,GeForce RTX 3070,8 GB,1500 MHz,282 mm
MSI GAMING X TRIO,"$1,698.99",GeForce RTX 4080,16 GB,2205 MHz,337 mm
Asus DUAL OC,$569.99,GeForce RTX 3060 Ti,8 GB,1410 MHz,230 mm
Asus ROG STRIX GAMING OC V2,"$1,029.00",GeForce RTX 3080 10GB LHR,10 GB,1440 MHz,318 mm
Asus DUAL OC V2,$599.99,GeForce RTX 3060 Ti LHR,8 GB,1410 MHz,269 mm
Asus ROG STRIX GAMING OC,$969.00,Radeon RX 6700 XT,12 GB,2321 MHz,322 mm
MSI DUKE OC,$679.00,GeForce GTX 1080 Ti,11 GB,1531 MHz,320 mm
MSI VENTUS 3X OC,"$1,200.99",GeForce RTX 4080,16 GB,2205 MHz,322 mm
MSI GT 710 2GD3 LP,$51.99,GeForce GT 710,2 GB,954 MHz,146 mm
Asus ROG STRIX GAMING OC V2,$714.99,GeForce RTX 3060 Ti LHR,8 GB,1410 MHz,318 mm
ASRock Phantom Gaming D,$139.90,Radeon RX 570,4 GB,1168 MHz,236 mm
Gigabyte GV-N1030OC-2GI,$106.68,GeForce GT 1030,2 GB,1290 MHz,168 mm
Zotac GAMING AMP Holo,$549.99,GeForce RTX 3070 Ti,8 GB,1575 MHz,317 mm
EVGA XC3 ULTRA GAMING iCX3,"$1,305.49",GeForce RTX 3080 Ti,12 GB,1365 MHz,300 mm
MSI VENTUS 3X OC,"$1,059.99",GeForce RTX 4080 SUPER,16 GB,2210 MHz,322 mm
XFX Speedster SWFT 210 Core,$239.99,Radeon RX 6650 XT,8 GB,2055 MHz,241 mm
ASRock Challenger OC,$489.99,Radeon RX 7800 XT,16 GB,1295 MHz,267 mm
XFX Speedster MERC 319 Black,$509.99,Radeon RX 7800 XT,16 GB,1295 MHz,326 mm
Acer Predator BiFrost OC,$379.99,Arc A770,16 GB,2200 MHz,267 mm
MSI GAMING X SLIM,$549.99,GeForce RTX 4070,12 GB,1920 MHz,307 mm
MSI GAMING X,$299.99,GeForce RTX 4060,8 GB,1830 MHz,247 mm
PNY VERTO,$542.99,GeForce RTX 4070,12 GB,1920 MHz,247 mm
Asus TUF GAMING OC,$599.00,GeForce RTX 3060 Ti,8 GB,1410 MHz,302 mm
PNY XLR8 Gaming VERTO EPIC-X RGB OC,"$1,829.99",GeForce RTX 4090,24 GB,2230 MHz,332 mm
MSI GAMING X TRIO,$559.99,GeForce RTX 4070,12 GB,1920 MHz,338 mm
Asus ProArt OC,$509.99,GeForce RTX 4060 Ti,16 GB,2310 MHz,300 mm
MSI VENTUS 3X OC,$541.10,GeForce RTX 3060 Ti LHR,8 GB,1410 MHz,316 mm
Asus ProArt OC,$849.99,GeForce RTX 4070 Ti,12 GB,2310 MHz,300 mm
Asus TUF GAMING OC,"$1,554.00",GeForce RTX 4080,16 GB,2205 MHz,348 mm
MSI GeForce RTX 3090 TI GAMING X TRIO 24G,"$2,676.34",GeForce RTX 3090 Ti,24 GB,1560 MHz,325 mm
Gigabyte EAGLE OC Rev 2.0,$389.99,GeForce RTX 3070 LHR,8 GB,1500 MHz,282 mm
MSI GAMING X,$380.50,Radeon RX 6650 XT,8 GB,2055 MHz,278 mm
Asus ROG STRIX GAMING,$936.74,GeForce RTX 4070 Ti,12 GB,2310 MHz,336 mm
Gigabyte EAGLE OC,$480.00,GeForce RTX 4070,12 GB,1920 MHz,261 mm
Asus Noctua OC,"$1,999.99",GeForce RTX 4080,16 GB,2205 MHz,310 mm
PNY RTX A-Series,"$1,014.69",RTX A4000,16 GB,735 MHz,241 mm
Zotac GAMING Trinity OC,"$2,324.61",GeForce RTX 4090,24 GB,2235 MHz,356 mm
Gigabyte GAMING OC PRO Rev 3.0,$598.76,GeForce RTX 3060 Ti LHR,8 GB,1410 MHz,281 mm
XFX Speedster QICK 308 Black,$649.99,Radeon RX 6600 XT,8 GB,2188 MHz,274 mm
Asus DUAL OC,$599.99,Radeon RX 6700 XT,12 GB,2321 MHz,295 mm
Power Red Devil,$604.17,Radeon RX 6600 XT,8 GB,1968 MHz,251 mm
Asus TUF GAMING OC,$645.21,Radeon RX 6700 XT,12 GB,2321 MHz,322 mm
Asus DUAL,$429.99,Radeon RX 6650 XT,8 GB,2055 MHz,243 mm
Asus DUAL OC,$889.00,GeForce RTX 2080 Ti,11 GB,1350 MHz,268 mm
EVGA FTW3 ULTRA GAMING iCX3,$679.00,GeForce RTX 3070 LHR,8 GB,1500 MHz,300 mm
XFX Speedster MERC 308 Black,$425.99,Radeon RX 6600 XT,8 GB,2188 MHz,274 mm
ASRock OC Formula,"$1,666.36",Radeon RX 6900 XT,16 GB,2125 MHz,332 mm
Gigabyte GAMING OC PRO,$427.40,Radeon RX 6600 XT,8 GB,1968 MHz,282 mm
MSI GeForce RTX 3070 VENTUS 3X,$740.00,GeForce RTX 3070,8 GB,1500 MHz,305 mm
Asus GTXTITANX-12GD5,"$1,698.00",GeForce GTX Titan X,12 GB,1075 MHz,267 mm
XFX Black Edition,$273.03,Radeon RX 580,8 GB,1405 MHz,279 mm
XFX RX-68XTACBD9,$799.00,Radeon RX 6800 XT,16 GB,1925 MHz,340 mm
NVIDIA Star Wars Galactic Empire,"$1,099.00",Titan Xp,12 GB,1481 MHz,267 mm
Asus Turbo,"$1,289.00",GeForce RTX 2080 Ti,11 GB,1350 MHz,269 mm
Gigabyte AORUS XTREME,"$1,499.99",GeForce RTX 3080 Ti,12 GB,1365 MHz,320 mm
EVGA GAMING,$679.00,GeForce GTX 1080 Ti,11 GB,1480 MHz,267 mm
Asus TUF GAMING,$346.23,GeForce GTX 1650 SUPER,4 GB,1530 MHz,206 mm
MSI GAMING,$559.99,GeForce RTX 2060,6 GB,1365 MHz,247 mm
EVGA DT GAMING,$749.00,GeForce GTX 1080 Ti,11 GB,1480 MHz,300 mm
Gigabyte GV-N1030D5-2GL,$115.02,GeForce GT 1030,2 GB,1252 MHz,150 mm
Asus DUAL OC,$469.90,Radeon RX 6750 XT,12 GB,2150 MHz,295 mm
Gigabyte GAMING OC Rev 2.0,$667.98,GeForce RTX 3060 Ti LHR,8 GB,1410 MHz,282 mm
XFX GTS,$257.00,Radeon RX 580,8 GB,1405 MHz,270 mm
Zotac GAMING Trinity OC,$749.99,GeForce RTX 4070 Ti,12 GB,2310 MHz,307 mm
XFX Speedster QICK 319 BLACK,$636.59,Radeon RX 6700 XT,12 GB,2457 MHz,323 mm
EVGA XC HYBRID GAMING,$899.95,GeForce RTX 2080 SUPER,8 GB,1650 MHz,266 mm
Asus DUAL,$599.99,GeForce RTX 4070 SUPER,12 GB,1980 MHz,267 mm
Gigabyte GAMING OC,$419.00,Radeon RX 7700 XT,12 GB,1700 MHz,302 mm
Gigabyte GAMING OC,$269.99,Radeon RX 7600,8 GB,1720 MHz,282 mm
Asus TUF GAMING OC,"$1,079.99",Radeon RX 7900 XTX,24 GB,2300 MHz,353 mm
MSI GeForce RTX 2070 SUPER VENTUS GP OC,$679.00,GeForce RTX 2070 SUPER,8 GB,1605 MHz,258 mm
MSI MECH 2X OC,$174.99,Radeon RX 6500 XT,4 GB,2310 MHz,172 mm
Asus ROG STRIX GAMING OC,"$1,879.05",GeForce RTX 4080,16 GB,2205 MHz,358 mm
Palit Dual,$359.99,GeForce RTX 3060 12GB,12 GB,1320 MHz,245 mm
Asus ROG STRIX WHITE OC,"$1,689.99",GeForce RTX 3090,24 GB,1395 MHz,318 mm
Gigabyte GAMING OC,$399.00,Radeon RX 6600 XT,8 GB,1968 MHz,282 mm
PNY XLR8 Gaming VERTO EPIC-X RGB,"$1,849.00",GeForce RTX 4090,24 GB,2230 MHz,332 mm
PNY VCQRTX4000-PB,$626.01,Quadro RTX 4000,8 GB,1005 MHz,267 mm
MSI GAMING X TRIO,$690.00,GeForce RTX 3060 12GB,12 GB,1320 MHz,323 mm
Zotac GAMING AMP Holo,$629.90,GeForce RTX 3070,8 GB,1500 MHz,291 mm
PNY XLR8 Gaming REVEL EPIC-X RGB Dual Fan,$645.64,GeForce RTX 3060 12GB,12 GB,1320 MHz,247 mm
Gigabyte GAMING OC,"$1,720.23",Radeon RX 6900 XT,16 GB,1825 MHz,286 mm
MSI D6 GAMING X,$225.94,GeForce GTX 1650 G6,4 GB,1410 MHz,245 mm
Sapphire NITRO+,$889.99,Radeon RX 6800,16 GB,1700 MHz,310 mm
Asus STRIX GAMING Advanced,$455.00,GeForce GTX 1660 Ti,6 GB,1500 MHz,301 mm
EVGA ACX 3.0,$598.00,GeForce GTX 1080,8 GB,1607 MHz,267 mm
Sapphire 21330-01-20G,$489.99,Radeon RX 7800 XT,16 GB,1295 MHz,267 mm
MSI Radeon RX 6900 XT GAMING X TRIO 16G,$933.18,Radeon RX 6900 XT,16 GB,1825 MHz,324 mm
Asus Phoenix Fan OC,$123.65,GeForce GT 1030,2 GB,1278 MHz,184 mm
EVGA GAMING,$699.00,GeForce GTX 1070 Ti,8 GB,1607 MHz,267 mm
Asus DUAL OC,$304.99,GeForce RTX 4060,8 GB,1830 MHz,227 mm
Power Hellhound Spectral,"$1,299.00",Radeon RX 7900 XTX,24 GB,2300 MHz,338 mm
Zotac GAMING Trinity OC,"$2,212.07",GeForce RTX 3090,24 GB,1395 MHz,318 mm
AMD 100-505999,$99.99,Radeon Pro WX 3100,4 GB,925 MHz,168 mm
PNY VCGGTX10502PB,$154.22,GeForce GTX 1050,2 GB,1354 MHz,178 mm
Asus ROG STRIX,$579.00,Radeon RX 480,8 GB,1120 MHz,298 mm
MSI GT 710 1GD3H LP,$54.56,GeForce GT 710,1 GB,954 MHz,146 mm
Zotac GAMING Twin Fan,$339.99,GeForce GTX 1650 SUPER,4 GB,1530 MHz,158 mm
Sapphire NITRO+,"$1,399.00",Radeon RX 6900 XT,16 GB,1825 MHz,310 mm
NVIDIA Founders Edition,"$1,699.99",GeForce RTX 3090 Ti,24 GB,1560 MHz,313 mm
Zotac Twin Edge,$479.90,GeForce RTX 3060 Ti,8 GB,1410 MHz,222 mm
Gigabyte EAGLE OC,$367.58,GeForce RTX 3050 8GB,8 GB,1550 MHz,213 mm
Gigabyte AORUS MASTER,"$2,049.99",GeForce RTX 4090,24 GB,2235 MHz,358 mm
Gigabyte WINDFORCE OC,$279.82,GeForce GTX 1660 Ti,6 GB,1500 MHz,265 mm
MSI VENTUS 2X OC,$386.51,GeForce RTX 3050 8GB,8 GB,1550 MHz,235 mm
Inno3D Twin X2,$877.39,GeForce RTX 4070,12 GB,1920 MHz,250 mm
EVGA Superclocked,$249.99,GeForce GT 740,4 GB,1085 MHz,153 mm
EVGA 01G-P4-2650-KR,$219.99,GeForce GTX 650,1 GB,1058 MHz,170 mm
XFX Speedster SWFT 210,$399.99,Radeon RX 6600 XT,8 GB,2092 MHz,241 mm
MSI VENTUS 2X OC,$549.99,GeForce RTX 4070,12 GB,1920 MHz,242 mm
Zotac GAMING Twin Fan,$200.00,GeForce GTX 1660,6 GB,1530 MHz,216 mm
Asus Phoenix OC,$245.89,GeForce GTX 1660 SUPER,6 GB,1530 MHz,174 mm
Asus TUF GAMING OC V2,$929.00,GeForce RTX 3080 10GB LHR,10 GB,1440 MHz,300 mm
Asus DUAL OC,$449.01,Radeon RX 6600 XT,8 GB,1968 MHz,243 mm
Asus STRIX LC GAMING OC,"$1,949.95",GeForce RTX 3090 Ti,24 GB,1560 MHz,293 mm
EVGA XC3 ULTRA GAMING,"$1,434.99",GeForce RTX 3090,24 GB,1395 MHz,285 mm
Power Hellhound Spectral,"$1,323.00",Radeon RX 6700 XT,12 GB,2321 MHz,305 mm
MSI RX 580 8G V1,$257.91,Radeon RX 580,8 GB,1257 MHz,198 mm