Asus ROG STRIX B650-A GAMING WIFI,230,AM5,ATX,B650,1,Black / Silver
MSI B650 GAMING PLUS WIFI,180,AM5,ATX,B650,1,Black
MSI B760 GAMING PLUS WIFI,160,LGA1700,ATX,B760,1,Black / Silver
MSI B550 GAMING GEN3,110,AM4,ATX,B550,0,Black
MSI PRO Z790-A MAX WIFI,257,LGA1700,ATX,Z790,1,Silver / Black
Gigabyte B650 GAMING X AX,190,AM5,ATX,B650,0,Black / Gray
Gigabyte B550M K,85,AM4,Micro ATX,B550,0,Brown / Silver
Asus ROG STRIX B550-F GAMING WIFI II,190,AM4,ATX,B550,1,Black / Red
Gigabyte B650 AORUS ELITE AX,200,AM5,ATX,B650,1,Black / Silver
ASRock B660M Pro RS,95,LGA1700,Micro ATX,B660,0,Gray / Black
MSI MAG B650 TOMAHAWK WIFI,212,AM5,ATX,B650,1,Black
Asus PRIME B550M-A WIFI II,130,AM4,Micro ATX,B550,1,Blue / Silver
MSI PRO B650M-A WIFI,150,AM5,Micro ATX,B650,1,Black
ASRock B650M Pro RS,130,AM5,Micro ATX,B650,0,Black / Silver
ASRock B650M Pro RS WiFi,150,AM5,Micro ATX,B650,1,Black / Silver
MSI B450M-A PRO MAX II,70,AM4,Micro ATX,B450,0,Black
Gigabyte Z790 AORUS ELITE AX,230,LGA1700,ATX,Z790,1,Black
MSI MAG B550 TOMAHAWK MAX WIFI,160,AM4,ATX,B550,1,Silver / Black
MSI PRO B550M-VC WIFI,118,AM4,Micro ATX,B550,1,Black
MSI MAG Z790 TOMAHAWK WIFI,240,LGA1700,ATX,Z790,1,Black
Asus ROG MAXIMUS Z790 DARK HERO,645,LGA1700,ATX,Z790,1,Black
Asus ROG STRIX B650E-F GAMING WIFI,252,AM5,ATX,B650,1,Black
Asus ROG ZENITH II EXTREME ALPHA,2059,sTRX4,EATX,TRX40,1,Black / Silver
MSI PRO B760-P WIFI DDR4,160,LGA1700,ATX,B760,1,Black
MSI MAG X670E TOMAHAWK WIFI,280,AM5,ATX,X670,1,Black
MSI PRO Z790-P WIFI,190,LGA1700,ATX,Z790,1,Black / Silver
Asus TUF GAMING B550-PLUS WIFI II,160,AM4,ATX,B550,1,Black / Gray
MSI B550-A PRO,110,AM4,ATX,B550,0,Black / Silver
Asus ROG STRIX Z790-A GAMING WIFI II,360,LGA1700,ATX,Z790,1,Black / Silver
MSI PRO B650M-P,120,AM5,Micro ATX,B650,0,Black / Silver
MSI B550M PRO-VDH WIFI,120,AM4,Micro ATX,B550,1,Black
Gigabyte B650 AORUS ELITE AX ICE,220,AM5,ATX,B650,1,Silver
Asus TUF GAMING B650-PLUS WIFI,200,AM5,ATX,B650,1,Black
ASRock A620M Pro RS WiFi,130,AM5,Micro ATX,A620,1,Silver / Black
Gigabyte X670E AORUS PRO X,300,AM5,ATX,X670,1,White / Silver
Asus ROG STRIX B760-I GAMING WIFI,207,LGA1700,Mini ITX,B760,1,Black
Asus ROG STRIX Z790-E GAMING WIFI II,450,LGA1700,ATX,Z790,1,Black
ASRock B550M Pro4,106,AM4,Micro ATX,B550,0,Silver / Black
MSI B450M PRO-VDH MAX,75,AM4,Micro ATX,B450,0,Black / Silver
Asus Prime B450M-A II,80,AM4,Micro ATX,B450,0,Black
MSI PRO H610M-G DDR4,86,LGA1700,Micro ATX,H610,0,Black / Silver
Asus ROG STRIX B550-A GAMING,169,AM4,ATX,B550,1,Black / White
Gigabyte B650I AORUS ULTRA,338,AM5,Mini ITX,B650,1,Black / Silver
Asus TUF GAMING Z790-PLUS WIFI,218,LGA1700,ATX,Z790,1,Black / Gray
Asus ROG STRIX B650E-I GAMING WIFI,312,AM5,Mini ITX,B650,1,Black
Gigabyte B450M DS3H WIFI,80,AM4,Micro ATX,B450,1,Brown / Black
Asus TUF GAMING A520M-PLUS WIFI,100,AM4,Micro ATX,A520,1,Black / Orange
MSI PRO B760M-P DDR4,100,LGA1700,Micro ATX,B760,0,Black
Gigabyte A520I AC,110,AM4,Mini ITX,A520,0,Black
ASRock A520M-HDV,68,AM4,Micro ATX,A520,0,Black / Silver